<?xml version="1.0" encoding="utf-8" ?>
<!DOCTYPE suite SYSTEM "https://testng.org/testng-1.0.dtd">
<suite name="Parallel TestSuite" parallel="classes" thread-count="2">
    <test name="Chrome Test">
        <parameter name="Browser" value="Chrome"/>
        <parameter name="Version" value="131.0"/>
        <parameter name="Platform" value="Windows 10"/>
        <classes>
            <class name="testcases.FormFillTest"/>
            <class name="testcases.SliderTest"/>
            <class name="testcases.SimpleFormTest"/>

        </classes>
    </test>
    <test name="Edge Test">
        <parameter name="Browser" value="Edge"/>
        <parameter name="Version" value="131.0"/>
        <parameter name="Platform" value="Windows 11"/>
        <classes>
            <class name="testcases.FormFillTest"/>
            <class name="testcases.SliderTest"/>
            <class name="testcases.SimpleFormTest"/>
        </classes>
    </test>
</suite>